Name,Link,Date
eugenp/tutorials,https://github.com/eugenp/tutorials,25/06/2022 17:14:22
Snailclimb/JavaGuide,https://github.com/Snailclimb/JavaGuide,25/06/2022 17:14:22
spring-projects/spring-boot,https://github.com/spring-projects/spring-boot,25/06/2022 17:14:22
spring-projects/spring-framework,https://github.com/spring-projects/spring-framework,25/06/2022 17:14:22
apache/dubbo,https://github.com/apache/dubbo,25/06/2022 17:14:22
macrozheng/mall,https://github.com/macrozheng/mall,25/06/2022 17:14:22
elastic/elasticsearch,https://github.com/elastic/elasticsearch,25/06/2022 17:14:22
jenkins-docs/simple-java-maven-app,https://github.com/jenkins-docs/simple-java-maven-app,25/06/2022 17:14:22
doocs/advanced-java,https://github.com/doocs/advanced-java,25/06/2022 17:14:22
TheAlgorithms/Java,https://github.com/TheAlgorithms/Java,25/06/2022 17:14:22
MisterBooo/LeetCodeAnimation,https://github.com/MisterBooo/LeetCodeAnimation,25/06/2022 17:14:22
ityouknow/spring-boot-examples,https://github.com/ityouknow/spring-boot-examples,25/06/2022 17:14:22
jeecgboot/jeecg-boot,https://github.com/jeecgboot/jeecg-boot,25/06/2022 17:14:22
mybatis/mybatis-3,https://github.com/mybatis/mybatis-3,25/06/2022 17:14:22
apache/kafka,https://github.com/apache/kafka,25/06/2022 17:14:22
apache/flink,https://github.com/apache/flink,25/06/2022 17:14:22
Blankj/AndroidUtilCode,https://github.com/Blankj/AndroidUtilCode,25/06/2022 17:14:22
google/guava,https://github.com/google/guava,25/06/2022 17:14:22
lenve/vhr,https://github.com/lenve/vhr,25/06/2022 17:14:22
apolloconfig/apollo,https://github.com/apolloconfig/apollo,25/06/2022 17:14:22
apache/rocketmq,https://github.com/apache/rocketmq,25/06/2022 17:14:22
xuxueli/xxl-job,https://github.com/xuxueli/xxl-job,25/06/2022 17:14:22
xkcoding/spring-boot-demo,https://github.com/xkcoding/spring-boot-demo,25/06/2022 17:14:22
chanjarster/weixin-java-tools,https://github.com/chanjarster/weixin-java-tools,25/06/2022 17:14:22
jleetutorial/maven-project,https://github.com/jleetutorial/maven-project,25/06/2022 17:14:22
PhilJay/MPAndroidChart,https://github.com/PhilJay/MPAndroidChart,25/06/2022 17:14:22
alibaba/druid,https://github.com/alibaba/druid,25/06/2022 17:14:22
forezp/SpringCloudLearning,https://github.com/forezp/SpringCloudLearning,25/06/2022 17:14:22
udacity/ud839_Miwok,https://github.com/udacity/ud839_Miwok,25/06/2022 17:14:22
macrozheng/mall-learning,https://github.com/macrozheng/mall-learning,25/06/2022 17:14:22
macrozheng/mall,https://github.com/macrozheng/mall,25/06/2022 17:14:23
jenkins-docs/simple-java-maven-app,https://github.com/jenkins-docs/simple-java-maven-app,25/06/2022 17:14:23
netty/netty,https://github.com/netty/netty,25/06/2022 17:14:23
MisterBooo/LeetCodeAnimation,https://github.com/MisterBooo/LeetCodeAnimation,25/06/2022 17:14:23
ityouknow/spring-boot-examples,https://github.com/ityouknow/spring-boot-examples,25/06/2022 17:14:23
yankils/hello-world,https://github.com/yankils/hello-world,25/06/2022 17:14:23
lenve/vhr,https://github.com/lenve/vhr,25/06/2022 17:14:23
jleetutorial/maven-project,https://github.com/jleetutorial/maven-project,25/06/2022 17:14:23
PhilJay/MPAndroidChart,https://github.com/PhilJay/MPAndroidChart,25/06/2022 17:14:23
macrozheng/mall-learning,https://github.com/macrozheng/mall-learning,25/06/2022 17:14:23
shuzheng/zheng,https://github.com/shuzheng/zheng,25/06/2022 17:14:23
firebase/quickstart-android,https://github.com/firebase/quickstart-android,25/06/2022 17:14:23
wuyouzhuguli/SpringAll,https://github.com/wuyouzhuguli/SpringAll,25/06/2022 17:14:23
crossoverJie/JCSprout,https://github.com/crossoverJie/JCSprout,25/06/2022 17:14:23
alibaba/spring-cloud-alibaba,https://github.com/alibaba/spring-cloud-alibaba,25/06/2022 17:14:23
SeleniumHQ/selenium,https://github.com/SeleniumHQ/selenium,25/06/2022 17:14:23
JeffLi1993/springboot-learning-example,https://github.com/JeffLi1993/springboot-learning-example,25/06/2022 17:14:23
alibaba/Sentinel,https://github.com/alibaba/Sentinel,25/06/2022 17:14:23
DrKLO/Telegram,https://github.com/DrKLO/Telegram,25/06/2022 17:14:23
elunez/eladmin,https://github.com/elunez/eladmin,25/06/2022 17:14:23
dromara/hutool,https://github.com/dromara/hutool,25/06/2022 17:14:23
alibaba/arthas,https://github.com/alibaba/arthas,25/06/2022 17:14:23
libgdx/libgdx,https://github.com/libgdx/libgdx,25/06/2022 17:14:23
nostra13/Android-Universal-Image-Loader,https://github.com/nostra13/Android-Universal-Image-Loader,25/06/2022 17:14:23
aosp-mirror/platform_frameworks_base,https://github.com/aosp-mirror/platform_frameworks_base,25/06/2022 17:14:23
geekxh/hello-algorithm,https://github.com/geekxh/hello-algorithm,25/06/2022 17:14:23
taylor-training/time-tracker,https://github.com/taylor-training/time-tracker,25/06/2022 17:14:23
bumptech/glide,https://github.com/bumptech/glide,25/06/2022 17:14:23
signalapp/Signal-Android,https://github.com/signalapp/Signal-Android,25/06/2022 17:14:23
jfeinstein10/SlidingMenu,https://github.com/jfeinstein10/SlidingMenu,25/06/2022 17:14:23
bazelbuild/bazel,https://github.com/bazelbuild/bazel,25/06/2022 17:14:26
hmkcode/Android,https://github.com/hmkcode/Android,25/06/2022 17:14:26
lhazlewood/apache-shiro-tutorial-webapp,https://github.com/lhazlewood/apache-shiro-tutorial-webapp,25/06/2022 17:14:26
dropwizard/dropwizard,https://github.com/dropwizard/dropwizard,25/06/2022 17:14:26
ValaxyTech/hello-world,https://github.com/ValaxyTech/hello-world,25/06/2022 17:14:26
ftctechnh/ftc_app,https://github.com/ftctechnh/ftc_app,25/06/2022 17:14:26
hibernate/hibernate-orm,https://github.com/hibernate/hibernate-orm,25/06/2022 17:14:26
medcl/elasticsearch-analysis-ik,https://github.com/medcl/elasticsearch-analysis-ik,25/06/2022 17:14:26
pentaho/pentaho-kettle,https://github.com/pentaho/pentaho-kettle,25/06/2022 17:14:26
springside/springside4,https://github.com/springside/springside4,25/06/2022 17:14:26
SERG-Delft/mooc-software-testing,https://github.com/SERG-Delft/mooc-software-testing,25/06/2022 17:14:26
googlemaps/android-samples,https://github.com/googlemaps/android-samples,25/06/2022 17:14:26
openzipkin/zipkin,https://github.com/openzipkin/zipkin,25/06/2022 17:14:26
dyc87112/SpringCloud-Learning,https://github.com/dyc87112/SpringCloud-Learning,25/06/2022 17:14:26
in28minutes/spring-boot-examples,https://github.com/in28minutes/spring-boot-examples,25/06/2022 17:14:26
didi/DoKit,https://github.com/didi/DoKit,25/06/2022 17:14:26
edureka-git/DevOpsClassCodes,https://github.com/edureka-git/DevOpsClassCodes,25/06/2022 17:14:26
daodaovps/xUtils,https://github.com/daodaovps/xUtils,25/06/2022 17:14:26
liyifeng1994/ssm,https://github.com/liyifeng1994/ssm,25/06/2022 17:14:26
changmingxie/tcc-transaction,https://github.com/changmingxie/tcc-transaction,25/06/2022 17:14:26
liaohuqiu/android-Ultra-Pull-To-Refresh,https://github.com/liaohuqiu/android-Ultra-Pull-To-Refresh,25/06/2022 17:14:26
Trinea/android-common,https://github.com/Trinea/android-common,25/06/2022 17:14:26
android/views-widgets-samples,https://github.com/android/views-widgets-samples,25/06/2022 17:14:26
skeeto/sample-java-project,https://github.com/skeeto/sample-java-project,25/06/2022 17:14:26
roncoo/roncoo-pay,https://github.com/roncoo/roncoo-pay,25/06/2022 17:14:26
databricks/learning-spark,https://github.com/databricks/learning-spark,25/06/2022 17:14:26
in28minutes/spring-microservices,https://github.com/in28minutes/spring-microservices,25/06/2022 17:14:26
justauth/JustAuth,https://github.com/justauth/JustAuth,25/06/2022 17:14:26
H07000223/FlycoTabLayout,https://github.com/H07000223/FlycoTabLayout,25/06/2022 17:14:26
janishar/mit-deep-learning-book-pdf,https://github.com/janishar/mit-deep-learning-book-pdf,25/06/2022 17:14:26
CymChad/BaseRecyclerViewAdapterHelper,https://github.com/CymChad/BaseRecyclerViewAdapterHelper,25/06/2022 17:14:27
chrisbanes/Android-PullToRefresh,https://github.com/chrisbanes/Android-PullToRefresh,25/06/2022 17:14:27
YunaiV/SpringBoot-Labs,https://github.com/YunaiV/SpringBoot-Labs,25/06/2022 17:14:27
JakeWharton/butterknife,https://github.com/JakeWharton/butterknife,25/06/2022 17:14:27
dyc87112/SpringBoot-Learning,https://github.com/dyc87112/SpringBoot-Learning,25/06/2022 17:14:27
udacity/ud851-Sunshine,https://github.com/udacity/ud851-Sunshine,25/06/2022 17:14:27
prestodb/presto,https://github.com/prestodb/presto,25/06/2022 17:14:27
udacity/Sunshine-Version-2,https://github.com/udacity/Sunshine-Version-2,25/06/2022 17:14:27
keycloak/keycloak,https://github.com/keycloak/keycloak,25/06/2022 17:14:27
apache/camel,https://github.com/apache/camel,25/06/2022 17:14:27
javahometech/my-app,https://github.com/javahometech/my-app,25/06/2022 17:14:27
kunal-kushwaha/DSA-Bootcamp-Java,https://github.com/kunal-kushwaha/DSA-Bootcamp-Java,25/06/2022 17:14:27
runelite/runelite,https://github.com/runelite/runelite,25/06/2022 17:14:27
paascloud/paascloud-master,https://github.com/paascloud/paascloud-master,25/06/2022 17:14:27
NationalSecurityAgency/ghidra,https://github.com/NationalSecurityAgency/ghidra,25/06/2022 17:14:27
android-async-http/android-async-http,https://github.com/android-async-http/android-async-http,25/06/2022 17:14:27
apache/tomcat,https://github.com/apache/tomcat,25/06/2022 17:14:27
careercup/CtCI-6th-Edition,https://github.com/careercup/CtCI-6th-Edition,25/06/2022 17:14:27
code4craft/webmagic,https://github.com/code4craft/webmagic,25/06/2022 17:14:27
apache/hive,https://github.com/apache/hive,25/06/2022 17:14:27
google/gson,https://github.com/google/gson,25/06/2022 17:14:27
macrozheng/mall-swarm,https://github.com/macrozheng/mall-swarm,25/06/2022 17:14:27
purplecabbage/phonegap-plugins,https://github.com/purplecabbage/phonegap-plugins,25/06/2022 17:14:27
hyb1996/Auto.js,https://github.com/hyb1996/Auto.js,25/06/2022 17:14:27
Baseflow/PhotoView,https://github.com/Baseflow/PhotoView,25/06/2022 17:14:27
CarGuo/GSYVideoPlayer,https://github.com/CarGuo/GSYVideoPlayer,25/06/2022 17:14:27
winterbe/java8-tutorial,https://github.com/winterbe/java8-tutorial,25/06/2022 17:14:27
awsdocs/aws-doc-sdk-examples,https://github.com/awsdocs/aws-doc-sdk-examples,25/06/2022 17:14:27
seaswalker/spring-analysis,https://github.com/seaswalker/spring-analysis,25/06/2022 17:14:27
spring-attic/spring-mvc-showcase,https://github.com/spring-attic/spring-mvc-showcase,25/06/2022 17:14:27
pinpoint-apm/pinpoint,https://github.com/pinpoint-apm/pinpoint,25/06/2022 17:14:29
Netflix/eureka,https://github.com/Netflix/eureka,25/06/2022 17:14:29
pockethub/PocketHub,https://github.com/pockethub/PocketHub,25/06/2022 17:14:29
apache/beam,https://github.com/apache/beam,25/06/2022 17:14:29
zhoutaoo/SpringCloud,https://github.com/zhoutaoo/SpringCloud,25/06/2022 17:14:29
williamfiset/Algorithms,https://github.com/williamfiset/Algorithms,25/06/2022 17:14:29
rabbitmq/rabbitmq-tutorials,https://github.com/rabbitmq/rabbitmq-tutorials,25/06/2022 17:14:29
zhisheng17/flink-learning,https://github.com/zhisheng17/flink-learning,25/06/2022 17:14:29
hmkcode/Android,https://github.com/hmkcode/Android,25/06/2022 17:14:29
lhazlewood/apache-shiro-tutorial-webapp,https://github.com/lhazlewood/apache-shiro-tutorial-webapp,25/06/2022 17:14:29
ValaxyTech/hello-world,https://github.com/ValaxyTech/hello-world,25/06/2022 17:14:29
grpc/grpc-java,https://github.com/grpc/grpc-java,25/06/2022 17:14:29
Bigkoo/Android-PickerView,https://github.com/Bigkoo/Android-PickerView,25/06/2022 17:14:29
android10/Android-CleanArchitecture,https://github.com/android10/Android-CleanArchitecture,25/06/2022 17:14:29
Tencent/tinker,https://github.com/Tencent/tinker,25/06/2022 17:14:29
apache/druid,https://github.com/apache/druid,25/06/2022 17:14:29
react-native-camera/react-native-camera,https://github.com/react-native-camera/react-native-camera,25/06/2022 17:14:29
ftctechnh/ftc_app,https://github.com/ftctechnh/ftc_app,25/06/2022 17:14:29
junit-team/junit4,https://github.com/junit-team/junit4,25/06/2022 17:14:29
spring-projects/spring-data-examples,https://github.com/spring-projects/spring-data-examples,25/06/2022 17:14:29
apache/cassandra,https://github.com/apache/cassandra,25/06/2022 17:14:29
hdodenhof/CircleImageView,https://github.com/hdodenhof/CircleImageView,25/06/2022 17:14:29
apache/dolphinscheduler,https://github.com/apache/dolphinscheduler,25/06/2022 17:14:29
ityouknow/spring-cloud-examples,https://github.com/ityouknow/spring-cloud-examples,25/06/2022 17:14:29
pagehelper/Mybatis-PageHelper,https://github.com/pagehelper/Mybatis-PageHelper,25/06/2022 17:14:29
apache/hbase,https://github.com/apache/hbase,25/06/2022 17:14:29
Grasscutters/Grasscutter,https://github.com/Grasscutters/Grasscutter,25/06/2022 17:14:29
apache/rocketmq-externals,https://github.com/apache/rocketmq-externals,25/06/2022 17:14:29
spring-guides/gs-spring-boot,https://github.com/spring-guides/gs-spring-boot,25/06/2022 17:14:29
SERG-Delft/mooc-software-testing,https://github.com/SERG-Delft/mooc-software-testing,25/06/2022 17:14:29
TeamNewPipe/NewPipe,https://github.com/TeamNewPipe/NewPipe,25/06/2022 17:14:30
pluralsight-projects/Android-CandyCodedApplication,https://github.com/pluralsight-projects/Android-CandyCodedApplication,25/06/2022 17:14:30
guolindev/booksource,https://github.com/guolindev/booksource,25/06/2022 17:14:30
motianhuo/wechat,https://github.com/motianhuo/wechat,25/06/2022 17:14:30
febsteam/FEBS-Shiro,https://github.com/febsteam/FEBS-Shiro,25/06/2022 17:14:30
kiegroup/drools,https://github.com/kiegroup/drools,25/06/2022 17:14:30
apache/maven,https://github.com/apache/maven,25/06/2022 17:14:30
cats-oss/android-gpuimage,https://github.com/cats-oss/android-gpuimage,25/06/2022 17:14:30
apache/shiro,https://github.com/apache/shiro,25/06/2022 17:14:30
YunaiV/yudao-cloud,https://github.com/YunaiV/yudao-cloud,25/06/2022 17:14:30
java8/Java8InAction,https://github.com/java8/Java8InAction,25/06/2022 17:14:30
naman14/Timber,https://github.com/naman14/Timber,25/06/2022 17:14:30
lingochamp/FileDownloader,https://github.com/lingochamp/FileDownloader,25/06/2022 17:14:30
tuguangquan/mybatis,https://github.com/tuguangquan/mybatis,25/06/2022 17:14:30
yixia/VitamioBundle,https://github.com/yixia/VitamioBundle,25/06/2022 17:14:30
swagger-api/swagger-core,https://github.com/swagger-api/swagger-core,25/06/2022 17:14:30
stacksimplify/aws-eks-kubernetes-masterclass,https://github.com/stacksimplify/aws-eks-kubernetes-masterclass,25/06/2022 17:14:30
LaunchCodeEducation/techjobs-console-java,https://github.com/LaunchCodeEducation/techjobs-console-java,25/06/2022 17:14:30
traccar/traccar,https://github.com/traccar/traccar,25/06/2022 17:14:30
googlesamples/mlkit,https://github.com/googlesamples/mlkit,25/06/2022 17:14:30
Yalantis/uCrop,https://github.com/Yalantis/uCrop,25/06/2022 17:14:30
drtshock/Potato,https://github.com/drtshock/Potato,25/06/2022 17:14:30
spring-guides/gs-rest-service,https://github.com/spring-guides/gs-rest-service,25/06/2022 17:14:30
zhihu/Matisse,https://github.com/zhihu/Matisse,25/06/2022 17:14:30
Wizcorp/phonegap-facebook-plugin,https://github.com/Wizcorp/phonegap-facebook-plugin,25/06/2022 17:14:30
brianfrankcooper/YCSB,https://github.com/brianfrankcooper/YCSB,25/06/2022 17:14:30
kekingcn/kkFileView,https://github.com/kekingcn/kkFileView,25/06/2022 17:14:30
wyouflf/xUtils3,https://github.com/wyouflf/xUtils3,25/06/2022 17:14:30
doocs/jvm,https://github.com/doocs/jvm,25/06/2022 17:14:30
pedant/sweet-alert-dialog,https://github.com/pedant/sweet-alert-dialog,25/06/2022 17:14:30
hongyangAndroid/okhttputils,https://github.com/hongyangAndroid/okhttputils,25/06/2022 17:14:32
TooTallNate/Java-WebSocket,https://github.com/TooTallNate/Java-WebSocket,25/06/2022 17:14:32
shopizer-ecommerce/shopizer,https://github.com/shopizer-ecommerce/shopizer,25/06/2022 17:14:32
MinecraftForge/MinecraftForge,https://github.com/MinecraftForge/MinecraftForge,25/06/2022 17:14:32
spring-cloud/spring-cloud-netflix,https://github.com/spring-cloud/spring-cloud-netflix,25/06/2022 17:14:32
newbee-ltd/newbee-mall,https://github.com/newbee-ltd/newbee-mall,25/06/2022 17:14:32
youth5201314/banner,https://github.com/youth5201314/banner,25/06/2022 17:14:32
NLPchina/ansj_seg,https://github.com/NLPchina/ansj_seg,25/06/2022 17:14:32
knightliao/disconf,https://github.com/knightliao/disconf,25/06/2022 17:14:32
TeamNewPipe/NewPipe,https://github.com/TeamNewPipe/NewPipe,25/06/2022 17:14:32
pluralsight-projects/Android-CandyCodedApplication,https://github.com/pluralsight-projects/Android-CandyCodedApplication,25/06/2022 17:14:32
navasmdc/MaterialDesignLibrary,https://github.com/navasmdc/MaterialDesignLibrary,25/06/2022 17:14:32
mockito/mockito,https://github.com/mockito/mockito,25/06/2022 17:14:32
guolindev/booksource,https://github.com/guolindev/booksource,25/06/2022 17:14:32
motianhuo/wechat,https://github.com/motianhuo/wechat,25/06/2022 17:14:32
febsteam/FEBS-Shiro,https://github.com/febsteam/FEBS-Shiro,25/06/2022 17:14:32
kiegroup/drools,https://github.com/kiegroup/drools,25/06/2022 17:14:32
apache/maven,https://github.com/apache/maven,25/06/2022 17:14:32
Netflix/zuul,https://github.com/Netflix/zuul,25/06/2022 17:14:32
apache/shiro,https://github.com/apache/shiro,25/06/2022 17:14:32
Curzibn/Luban,https://github.com/Curzibn/Luban,25/06/2022 17:14:32
YunaiV/yudao-cloud,https://github.com/YunaiV/yudao-cloud,25/06/2022 17:14:32
java8/Java8InAction,https://github.com/java8/Java8InAction,25/06/2022 17:14:32
MithunTechnologiesDevOps/spring-boot-mongo-docker,https://github.com/MithunTechnologiesDevOps/spring-boot-mongo-docker,25/06/2022 17:14:32
naman14/Timber,https://github.com/naman14/Timber,25/06/2022 17:14:32
hellokoding/hellokoding-courses,https://github.com/hellokoding/hellokoding-courses,25/06/2022 17:14:32
lingochamp/FileDownloader,https://github.com/lingochamp/FileDownloader,25/06/2022 17:14:32
tuguangquan/mybatis,https://github.com/tuguangquan/mybatis,25/06/2022 17:14:32
bilibili/DanmakuFlameMaster,https://github.com/bilibili/DanmakuFlameMaster,25/06/2022 17:14:32
yixia/VitamioBundle,https://github.com/yixia/VitamioBundle,25/06/2022 17:14:32
jfinal/jfinal,https://github.com/jfinal/jfinal,25/06/2022 17:14:35
TommyLemon/Android-ZBLibrary,https://github.com/TommyLemon/Android-ZBLibrary,25/06/2022 17:14:35
mik3y/usb-serial-for-android,https://github.com/mik3y/usb-serial-for-android,25/06/2022 17:14:35
wildfly/quickstart,https://github.com/wildfly/quickstart,25/06/2022 17:14:35
hmkcode/Java,https://github.com/hmkcode/Java,25/06/2022 17:14:35
LaunchCodeEducation/java-exercises,https://github.com/LaunchCodeEducation/java-exercises,25/06/2022 17:14:35
essentials/Essentials,https://github.com/essentials/Essentials,25/06/2022 17:14:35
CodingDocs/springboot-guide,https://github.com/CodingDocs/springboot-guide,25/06/2022 17:14:35
awsdocs/aws-lambda-developer-guide,https://github.com/awsdocs/aws-lambda-developer-guide,25/06/2022 17:14:35
tbruyelle/RxPermissions,https://github.com/tbruyelle/RxPermissions,25/06/2022 17:14:35
robolectric/robolectric,https://github.com/robolectric/robolectric,25/06/2022 17:14:35
MithunTechnologiesDevOps/maven-standalone-application,https://github.com/MithunTechnologiesDevOps/maven-standalone-application,25/06/2022 17:14:35
XRecyclerView/XRecyclerView,https://github.com/XRecyclerView/XRecyclerView,25/06/2022 17:14:35
openaphid/android-flip,https://github.com/openaphid/android-flip,25/06/2022 17:14:35
in28minutes/spring-master-class,https://github.com/in28minutes/spring-master-class,25/06/2022 17:14:35
abstrakraft/android_build,https://github.com/abstrakraft/android_build,25/06/2022 17:14:35
LaunchCodeEducation/java-web-dev-exercises,https://github.com/LaunchCodeEducation/java-web-dev-exercises,25/06/2022 17:14:35
mercyblitz/geekbang-lessons,https://github.com/mercyblitz/geekbang-lessons,25/06/2022 17:14:35
springframeworkguru/spring5-di-demo,https://github.com/springframeworkguru/spring5-di-demo,25/06/2022 17:14:35
Exrick/xboot,https://github.com/Exrick/xboot,25/06/2022 17:14:35
ssssssss-team/spider-flow,https://github.com/ssssssss-team/spider-flow,25/06/2022 17:14:35
stacksimplify/kubernetes-fundamentals,https://github.com/stacksimplify/kubernetes-fundamentals,25/06/2022 17:14:35
se-edu/addressbook-level2,https://github.com/se-edu/addressbook-level2,25/06/2022 17:14:35
bobeast/PushPlugin-deprecated,https://github.com/bobeast/PushPlugin-deprecated,25/06/2022 17:14:35
OpenTSDB/opentsdb,https://github.com/OpenTSDB/opentsdb,25/06/2022 17:14:35
getodk/collect,https://github.com/getodk/collect,25/06/2022 17:14:35
yangfuhai/ASimpleCache,https://github.com/yangfuhai/ASimpleCache,25/06/2022 17:14:35
iNPUTmice/Conversations,https://github.com/iNPUTmice/Conversations,25/06/2022 17:14:35
nacos-group/nacos-examples,https://github.com/nacos-group/nacos-examples,25/06/2022 17:14:35
rakeshcusat/Code4Reference,https://github.com/rakeshcusat/Code4Reference,25/06/2022 17:14:35
zouzg/mybatis-generator-gui,https://github.com/zouzg/mybatis-generator-gui,25/06/2022 17:14:37
androidannotations/androidannotations,https://github.com/androidannotations/androidannotations,25/06/2022 17:14:37
in28minutes/spring-microservices,https://github.com/in28minutes/spring-microservices,25/06/2022 17:14:37
hongyangAndroid/okhttputils,https://github.com/hongyangAndroid/okhttputils,25/06/2022 17:14:37
lipangit/JiaoZiVideoPlayer,https://github.com/lipangit/JiaoZiVideoPlayer,25/06/2022 17:14:37
H07000223/FlycoTabLayout,https://github.com/H07000223/FlycoTabLayout,25/06/2022 17:14:37
shopizer-ecommerce/shopizer,https://github.com/shopizer-ecommerce/shopizer,25/06/2022 17:14:37
mybatis/spring,https://github.com/mybatis/spring,25/06/2022 17:14:37
frank-lam/fullstack-tutorial,https://github.com/frank-lam/fullstack-tutorial,25/06/2022 17:14:37
MinecraftForge/MinecraftForge,https://github.com/MinecraftForge/MinecraftForge,25/06/2022 17:14:37
spring-cloud/spring-cloud-netflix,https://github.com/spring-cloud/spring-cloud-netflix,25/06/2022 17:14:37
newbee-ltd/newbee-mall,https://github.com/newbee-ltd/newbee-mall,25/06/2022 17:14:37
bitcoinj/bitcoinj,https://github.com/bitcoinj/bitcoinj,25/06/2022 17:14:37
NLPchina/ansj_seg,https://github.com/NLPchina/ansj_seg,25/06/2022 17:14:37
umano/AndroidSlidingUpPanel,https://github.com/umano/AndroidSlidingUpPanel,25/06/2022 17:14:37
android-hacker/VirtualXposed,https://github.com/android-hacker/VirtualXposed,25/06/2022 17:14:37
pluralsight-projects/Android-CandyCodedApplication,https://github.com/pluralsight-projects/Android-CandyCodedApplication,25/06/2022 17:14:37
navasmdc/MaterialDesignLibrary,https://github.com/navasmdc/MaterialDesignLibrary,25/06/2022 17:14:37
mockito/mockito,https://github.com/mockito/mockito,25/06/2022 17:14:37
geeeeeeeeek/WeChatLuckyMoney,https://github.com/geeeeeeeeek/WeChatLuckyMoney,25/06/2022 17:14:37
zhanglei-workspace/shopping-management-system,https://github.com/zhanglei-workspace/shopping-management-system,25/06/2022 17:14:37
motianhuo/wechat,https://github.com/motianhuo/wechat,25/06/2022 17:14:37
macrozheng/springcloud-learning,https://github.com/macrozheng/springcloud-learning,25/06/2022 17:14:37
febsteam/FEBS-Shiro,https://github.com/febsteam/FEBS-Shiro,25/06/2022 17:14:37
kiegroup/drools,https://github.com/kiegroup/drools,25/06/2022 17:14:37
apache/maven,https://github.com/apache/maven,25/06/2022 17:14:37
Netflix/zuul,https://github.com/Netflix/zuul,25/06/2022 17:14:37
apache/incubator-shenyu,https://github.com/apache/incubator-shenyu,25/06/2022 17:14:37
cats-oss/android-gpuimage,https://github.com/cats-oss/android-gpuimage,25/06/2022 17:14:37
apache/shiro,https://github.com/apache/shiro,25/06/2022 17:14:37
OpenTSDB/opentsdb,https://github.com/OpenTSDB/opentsdb,25/06/2022 17:14:38
getodk/collect,https://github.com/getodk/collect,25/06/2022 17:14:38
yangfuhai/ASimpleCache,https://github.com/yangfuhai/ASimpleCache,25/06/2022 17:14:38
barry-ran/QtScrcpy,https://github.com/barry-ran/QtScrcpy,25/06/2022 17:14:38
citerus/dddsample-core,https://github.com/citerus/dddsample-core,25/06/2022 17:14:38
devopshydclub/vprofile-project,https://github.com/devopshydclub/vprofile-project,25/06/2022 17:14:38
MindorksOpenSource/android-mvp-architecture,https://github.com/MindorksOpenSource/android-mvp-architecture,25/06/2022 17:14:38
rakeshcusat/Code4Reference,https://github.com/rakeshcusat/Code4Reference,25/06/2022 17:14:38
bisq-network/bisq,https://github.com/bisq-network/bisq,25/06/2022 17:14:38
FasterXML/jackson-databind,https://github.com/FasterXML/jackson-databind,25/06/2022 17:14:38
gabrielemariotti/cardslib,https://github.com/gabrielemariotti/cardslib,25/06/2022 17:14:38
pedrovgs/EffectiveAndroidUI,https://github.com/pedrovgs/EffectiveAndroidUI,25/06/2022 17:14:38
gshipley/openshift3mlbparks,https://github.com/gshipley/openshift3mlbparks,25/06/2022 17:14:38
oldmanpushcart/greys-anatomy,https://github.com/oldmanpushcart/greys-anatomy,25/06/2022 17:14:38
jwtk/jjwt,https://github.com/jwtk/jjwt,25/06/2022 17:14:38
hitherejoe/Android-Boilerplate,https://github.com/hitherejoe/Android-Boilerplate,25/06/2022 17:14:38
Ficoxl/JamsMusicPlayer,https://github.com/Ficoxl/JamsMusicPlayer,25/06/2022 17:14:38
derekoneil/twitter-feed-oke,https://github.com/derekoneil/twitter-feed-oke,25/06/2022 17:14:38
alamkanak/Android-Week-View,https://github.com/alamkanak/Android-Week-View,25/06/2022 17:14:38
brianway/java-learning,https://github.com/brianway/java-learning,25/06/2022 17:14:38
hongyangAndroid/baseAdapter,https://github.com/hongyangAndroid/baseAdapter,25/06/2022 17:14:38
eoecn/android-app,https://github.com/eoecn/android-app,25/06/2022 17:14:38
qii/weiciyuan,https://github.com/qii/weiciyuan,25/06/2022 17:14:38
codingXiaxw/seckill,https://github.com/codingXiaxw/seckill,25/06/2022 17:14:38
fishercoder1534/Leetcode,https://github.com/fishercoder1534/Leetcode,25/06/2022 17:14:38
JakeWharton/DiskLruCache,https://github.com/JakeWharton/DiskLruCache,25/06/2022 17:14:38
junit-team/junit5,https://github.com/junit-team/junit5,25/06/2022 17:14:38
apache/parquet-mr,https://github.com/apache/parquet-mr,25/06/2022 17:14:38
mbarrben/android-stickyheaderswipelistview,https://github.com/mbarrben/android-stickyheaderswipelistview,25/06/2022 17:14:38
a-thomas/android-bootstrap,https://github.com/a-thomas/android-bootstrap,25/06/2022 17:14:38
abel533/MyBatis-Spring-Boot,https://github.com/abel533/MyBatis-Spring-Boot,25/06/2022 17:14:39
antoniolg/androidmvp,https://github.com/antoniolg/androidmvp,25/06/2022 17:14:39
cjlin1/libsvm,https://github.com/cjlin1/libsvm,25/06/2022 17:14:39
goldze/MVVMHabit,https://github.com/goldze/MVVMHabit,25/06/2022 17:14:39
Angel-ML/angel,https://github.com/Angel-ML/angel,25/06/2022 17:14:39
katzer/cordova-plugin-local-notifications,https://github.com/katzer/cordova-plugin-local-notifications,25/06/2022 17:14:39
mcxiaoke/android-volley,https://github.com/mcxiaoke/android-volley,25/06/2022 17:14:39
PaperMC/Paper,https://github.com/PaperMC/Paper,25/06/2022 17:14:39
xamarin/docs-archive,https://github.com/xamarin/docs-archive,25/06/2022 17:14:39
Meituan-Dianping/Leaf,https://github.com/Meituan-Dianping/Leaf,25/06/2022 17:14:39
guolindev/LitePal,https://github.com/guolindev/LitePal,25/06/2022 17:14:39
huanghaibin-dev/CalendarView,https://github.com/huanghaibin-dev/CalendarView,25/06/2022 17:14:39
geoand/spring-cloud-microservice-example,https://github.com/geoand/spring-cloud-microservice-example,25/06/2022 17:14:39
AnjuMeleth/SpringPetClinic,https://github.com/AnjuMeleth/SpringPetClinic,25/06/2022 17:14:39
java-native-access/jna,https://github.com/java-native-access/jna,25/06/2022 17:14:39
karatelabs/karate,https://github.com/karatelabs/karate,25/06/2022 17:14:39
JakeWharton/NineOldAndroids,https://github.com/JakeWharton/NineOldAndroids,25/06/2022 17:14:39
roughike/BottomBar,https://github.com/roughike/BottomBar,25/06/2022 17:14:39
koush/AndroidAsync,https://github.com/koush/AndroidAsync,25/06/2022 17:14:39
joelittlejohn/jsonschema2pojo,https://github.com/joelittlejohn/jsonschema2pojo,25/06/2022 17:14:39
googlearchive/android-Camera2Basic,https://github.com/googlearchive/android-Camera2Basic,25/06/2022 17:14:39
emilsjolander/StickyListHeaders,https://github.com/emilsjolander/StickyListHeaders,25/06/2022 17:14:39
stylefeng/Guns,https://github.com/stylefeng/Guns,25/06/2022 17:14:39
saysky/ForestBlog,https://github.com/saysky/ForestBlog,25/06/2022 17:14:39
wildfirechat/im-server,https://github.com/wildfirechat/im-server,25/06/2022 17:14:39
yangfuhai/afinal,https://github.com/yangfuhai/afinal,25/06/2022 17:14:39
processing/processing,https://github.com/processing/processing,25/06/2022 17:14:39
liquibase/liquibase,https://github.com/liquibase/liquibase,25/06/2022 17:14:39
googlemaps/android-maps-utils,https://github.com/googlemaps/android-maps-utils,25/06/2022 17:14:39
azkaban/azkaban,https://github.com/azkaban/azkaban,25/06/2022 17:14:39
sofastack/sofa-jarslink,https://github.com/sofastack/sofa-jarslink,25/06/2022 17:15:25
algorithmzuo/algorithmbasic2020,https://github.com/algorithmzuo/algorithmbasic2020,25/06/2022 17:15:25
how2j/hellogit,https://github.com/how2j/hellogit,25/06/2022 17:15:25
todoroo/astrid,https://github.com/todoroo/astrid,25/06/2022 17:15:25
google/physical-web,https://github.com/google/physical-web,25/06/2022 17:15:25
yidao620c/SpringBootBucket,https://github.com/yidao620c/SpringBootBucket,25/06/2022 17:15:25
Raysmond/SpringBlog,https://github.com/Raysmond/SpringBlog,25/06/2022 17:15:25
shuleisanshi/myblog,https://github.com/shuleisanshi/myblog,25/06/2022 17:15:25
LaunchCodeEducation/java-web-dev-techjobs-mvc,https://github.com/LaunchCodeEducation/java-web-dev-techjobs-mvc,25/06/2022 17:15:25
SamPriyadarshi/addressbook,https://github.com/SamPriyadarshi/addressbook,25/06/2022 17:15:25
dicodingacademy/a51-android-pemula-labs,https://github.com/dicodingacademy/a51-android-pemula-labs,25/06/2022 17:15:25
JeffLi1993/java-core-learning-example,https://github.com/JeffLi1993/java-core-learning-example,25/06/2022 17:15:25
zcweng/ToggleButton,https://github.com/zcweng/ToggleButton,25/06/2022 17:15:25
mercyblitz/tech-weekly,https://github.com/mercyblitz/tech-weekly,25/06/2022 17:15:25
javamelody/javamelody,https://github.com/javamelody/javamelody,25/06/2022 17:15:25
kliakos/sparkjava-war-example,https://github.com/kliakos/sparkjava-war-example,25/06/2022 17:15:25
super30admin/Linked-List-2,https://github.com/super30admin/Linked-List-2,25/06/2022 17:15:25
evollu/react-native-fcm,https://github.com/evollu/react-native-fcm,25/06/2022 17:15:25
tiann/epic,https://github.com/tiann/epic,25/06/2022 17:15:25
YahooArchive/anthelion,https://github.com/YahooArchive/anthelion,25/06/2022 17:15:25
in28minutes/SpringBootForBeginners,https://github.com/in28minutes/SpringBootForBeginners,25/06/2022 17:15:25
jenkinsci/email-ext-plugin,https://github.com/jenkinsci/email-ext-plugin,25/06/2022 17:15:25
trojan-gfw/igniter,https://github.com/trojan-gfw/igniter,25/06/2022 17:15:25
lyrric/seckill,https://github.com/lyrric/seckill,25/06/2022 17:15:25
joonspoon/madecraft-oop,https://github.com/joonspoon/madecraft-oop,25/06/2022 17:15:25
aurelhubert/ahbottomnavigation,https://github.com/aurelhubert/ahbottomnavigation,25/06/2022 17:15:25
Prof-Calebe/Source-Code-Inspection,https://github.com/Prof-Calebe/Source-Code-Inspection,25/06/2022 17:15:25
guolindev/giffun,https://github.com/guolindev/giffun,25/06/2022 17:15:25
grantland/android-autofittextview,https://github.com/grantland/android-autofittextview,25/06/2022 17:15:25
winder/Universal-G-Code-Sender,https://github.com/winder/Universal-G-Code-Sender,25/06/2022 17:15:25
Tencent/Shadow,https://github.com/Tencent/Shadow,25/06/2022 17:15:27
LandmarkTechnology/maven-web-application,https://github.com/LandmarkTechnology/maven-web-application,25/06/2022 17:15:27
fyhertz/libstreaming,https://github.com/fyhertz/libstreaming,25/06/2022 17:15:27
guoguibing/librec,https://github.com/guoguibing/librec,25/06/2022 17:15:27
huanzi-qch/base-admin,https://github.com/huanzi-qch/base-admin,25/06/2022 17:15:27
udacity/Android_Me,https://github.com/udacity/Android_Me,25/06/2022 17:15:27
jetlinks/jetlinks-community,https://github.com/jetlinks/jetlinks-community,25/06/2022 17:15:27
crazycodeboy/react-native-splash-screen,https://github.com/crazycodeboy/react-native-splash-screen,25/06/2022 17:15:27
googleapis/google-cloud-java,https://github.com/googleapis/google-cloud-java,25/06/2022 17:15:27
dreamhead/moco,https://github.com/dreamhead/moco,25/06/2022 17:15:27
thinkaurelius/titan,https://github.com/thinkaurelius/titan,25/06/2022 17:15:27
LandGrey/SpringBootVulExploit,https://github.com/LandGrey/SpringBootVulExploit,25/06/2022 17:15:27
yipianfengye/android-zxingLibrary,https://github.com/yipianfengye/android-zxingLibrary,25/06/2022 17:15:27
DesignativeDave/androrat,https://github.com/DesignativeDave/androrat,25/06/2022 17:15:27
SpigotMC/BungeeCord,https://github.com/SpigotMC/BungeeCord,25/06/2022 17:15:27
spring-projects/spring-session,https://github.com/spring-projects/spring-session,25/06/2022 17:15:27
jackpal/Android-Terminal-Emulator,https://github.com/jackpal/Android-Terminal-Emulator,25/06/2022 17:15:27
se-edu/addressbook-level25,https://github.com/se-edu/addressbook-level25,25/06/2022 17:15:27
apache/fineract,https://github.com/apache/fineract,25/06/2022 17:15:27
reactor/reactor-core,https://github.com/reactor/reactor-core,25/06/2022 17:15:27
confluentinc/kafka-streams-examples,https://github.com/confluentinc/kafka-streams-examples,25/06/2022 17:15:27
graphql-java/graphql-java,https://github.com/graphql-java/graphql-java,25/06/2022 17:15:27
castorflex/SmoothProgressBar,https://github.com/castorflex/SmoothProgressBar,25/06/2022 17:15:27
bingoogolapple/BGARefreshLayout-Android,https://github.com/bingoogolapple/BGARefreshLayout-Android,25/06/2022 17:15:27
Konloch/bytecode-viewer,https://github.com/Konloch/bytecode-viewer,25/06/2022 17:15:27
microservices-patterns/ftgo-application,https://github.com/microservices-patterns/ftgo-application,25/06/2022 17:15:27
geotools/geotools,https://github.com/geotools/geotools,25/06/2022 17:15:27
jiangqqlmj/FastDev4Android,https://github.com/jiangqqlmj/FastDev4Android,25/06/2022 17:15:27
JesusFreke/smali,https://github.com/JesusFreke/smali,25/06/2022 17:15:27
wcaquinocursos/tasks-backend,https://github.com/wcaquinocursos/tasks-backend,25/06/2022 17:15:27
jiangqqlmj/FastDev4Android,https://github.com/jiangqqlmj/FastDev4Android,25/06/2022 17:15:28
JesusFreke/smali,https://github.com/JesusFreke/smali,25/06/2022 17:15:28
wcaquinocursos/tasks-backend,https://github.com/wcaquinocursos/tasks-backend,25/06/2022 17:15:28
magnayn/Hudson-GIT-plugin,https://github.com/magnayn/Hudson-GIT-plugin,25/06/2022 17:15:28
avjinder/Minimal-Todo,https://github.com/avjinder/Minimal-Todo,25/06/2022 17:15:28
itwanger/JavaBooks,https://github.com/itwanger/JavaBooks,25/06/2022 17:15:28
playgameservices/android-basic-samples,https://github.com/playgameservices/android-basic-samples,25/06/2022 17:15:28
SpringCloud/spring-cloud-code,https://github.com/SpringCloud/spring-cloud-code,25/06/2022 17:15:28
Meituan-Dianping/walle,https://github.com/Meituan-Dianping/walle,25/06/2022 17:15:28
LaunchCodeEducation/cheese-mvc-persistent,https://github.com/LaunchCodeEducation/cheese-mvc-persistent,25/06/2022 17:15:28
ximsfei/Android-skin-support,https://github.com/ximsfei/Android-skin-support,25/06/2022 17:15:28
android/connectivity-samples,https://github.com/android/connectivity-samples,25/06/2022 17:15:28
chrisbanes/ActionBar-PullToRefresh,https://github.com/chrisbanes/ActionBar-PullToRefresh,25/06/2022 17:15:28
smeise/Sunshine,https://github.com/smeise/Sunshine,25/06/2022 17:15:28
confluentinc/schema-registry,https://github.com/confluentinc/schema-registry,25/06/2022 17:15:28
niuxdexiaobai/Meizhi,https://github.com/niuxdexiaobai/Meizhi,25/06/2022 17:15:28
mercyblitz/segmentfault-lessons,https://github.com/mercyblitz/segmentfault-lessons,25/06/2022 17:15:28
spring-projects/spring-data-redis,https://github.com/spring-projects/spring-data-redis,25/06/2022 17:15:28
habuma/spring-in-action-5-samples,https://github.com/habuma/spring-in-action-5-samples,25/06/2022 17:15:28
callicoder/spring-security-react-ant-design-polls-app,https://github.com/callicoder/spring-security-react-ant-design-polls-app,25/06/2022 17:15:28
seven332/EhViewer,https://github.com/seven332/EhViewer,25/06/2022 17:15:28
techGay/v9porn,https://github.com/techGay/v9porn,25/06/2022 17:15:28
daticahealth/java-tomcat-maven-example,https://github.com/daticahealth/java-tomcat-maven-example,25/06/2022 17:15:28
nsdown/ZhihuDailyPurify,https://github.com/nsdown/ZhihuDailyPurify,25/06/2022 17:15:28
hazelybell/lonelyTwitter,https://github.com/hazelybell/lonelyTwitter,25/06/2022 17:15:28
caelum/fj22-ingressos,https://github.com/caelum/fj22-ingressos,25/06/2022 17:15:28
jglick/simple-maven-project-with-tests,https://github.com/jglick/simple-maven-project-with-tests,25/06/2022 17:15:28
stacktipslab/Android-UI-Tutorials,https://github.com/stacktipslab/Android-UI-Tutorials,25/06/2022 17:15:28
wdullaer/MaterialDateTimePicker,https://github.com/wdullaer/MaterialDateTimePicker,25/06/2022 17:15:28
spring-projects/spring-integration,https://github.com/spring-projects/spring-integration,25/06/2022 17:15:28
killbill/killbill,https://github.com/killbill/killbill,25/06/2022 17:15:30
raphw/byte-buddy,https://github.com/raphw/byte-buddy,25/06/2022 17:15:30
SlimeKnights/TinkersConstruct,https://github.com/SlimeKnights/TinkersConstruct,25/06/2022 17:15:30
killme2008/aviatorscript,https://github.com/killme2008/aviatorscript,25/06/2022 17:15:30
gcacace/android-signaturepad,https://github.com/gcacace/android-signaturepad,25/06/2022 17:15:30
cryptomator/cryptomator,https://github.com/cryptomator/cryptomator,25/06/2022 17:15:30
anitaa1990/Android-Cheat-sheet,https://github.com/anitaa1990/Android-Cheat-sheet,25/06/2022 17:15:30
Prototik/HoloEverywhere,https://github.com/Prototik/HoloEverywhere,25/06/2022 17:15:30
leechenxiang/imooc-springboot-starter,https://github.com/leechenxiang/imooc-springboot-starter,25/06/2022 17:15:30
amulyakhare/TextDrawable,https://github.com/amulyakhare/TextDrawable,25/06/2022 17:15:30
magefree/mage,https://github.com/magefree/mage,25/06/2022 17:15:30
megagao/production_ssm,https://github.com/megagao/production_ssm,25/06/2022 17:15:30
hmkcode/Spring-Framework,https://github.com/hmkcode/Spring-Framework,25/06/2022 17:15:30
douglascraigschmidt/LiveLessons,https://github.com/douglascraigschmidt/LiveLessons,25/06/2022 17:15:30
floodlight/floodlight,https://github.com/floodlight/floodlight,25/06/2022 17:15:30
harism/android-pagecurl,https://github.com/harism/android-pagecurl,25/06/2022 17:15:30
CJRivas/jenkinspipeline,https://github.com/CJRivas/jenkinspipeline,25/06/2022 17:15:30
cs125-illinois/Spring-2018-Lab5,https://github.com/cs125-illinois/Spring-2018-Lab5,25/06/2022 17:15:30
rchidana/mvnwebapp,https://github.com/rchidana/mvnwebapp,25/06/2022 17:15:30
jenkinsci/ghprb-plugin,https://github.com/jenkinsci/ghprb-plugin,25/06/2022 17:15:30
bmelnychuk/AndroidTreeView,https://github.com/bmelnychuk/AndroidTreeView,25/06/2022 17:15:30
kiritbasu/datacollector,https://github.com/kiritbasu/datacollector,25/06/2022 17:15:30
Flipboard/bottomsheet,https://github.com/Flipboard/bottomsheet,25/06/2022 17:15:30
oschina/android-app,https://github.com/oschina/android-app,25/06/2022 17:15:30
zhegexiaohuozi/SeimiCrawler,https://github.com/zhegexiaohuozi/SeimiCrawler,25/06/2022 17:15:30
DreamOfTheRedChamber/system-design-interviews,https://github.com/DreamOfTheRedChamber/system-design-interviews,25/06/2022 17:15:30
googlearchive/android-BluetoothLeGatt,https://github.com/googlearchive/android-BluetoothLeGatt,25/06/2022 17:15:30
yzcheng90/X-SpringBoot,https://github.com/yzcheng90/X-SpringBoot,25/06/2022 17:15:30
adobe/aem-core-wcm-components,https://github.com/adobe/aem-core-wcm-components,25/06/2022 17:15:30
zhou-you/RxEasyHttp,https://github.com/zhou-you/RxEasyHttp,25/06/2022 17:15:30
bephrem1/backtobackswe,https://github.com/bephrem1/backtobackswe,25/06/2022 17:15:32
alibaba/mdrill,https://github.com/alibaba/mdrill,25/06/2022 17:15:32
android/animation-samples,https://github.com/android/animation-samples,25/06/2022 17:15:32
hacktoberfest17/programming,https://github.com/hacktoberfest17/programming,25/06/2022 17:15:32
wymsee/cordova-imagePicker,https://github.com/wymsee/cordova-imagePicker,25/06/2022 17:15:32
GDG-Korea/PinterestLikeAdapterView,https://github.com/GDG-Korea/PinterestLikeAdapterView,25/06/2022 17:15:32
next-step/java-baseball-precourse,https://github.com/next-step/java-baseball-precourse,25/06/2022 17:15:32
LaunchCodeEducation/coding-events-demo,https://github.com/LaunchCodeEducation/coding-events-demo,25/06/2022 17:15:32
kenken64/StackAnnotation,https://github.com/kenken64/StackAnnotation,25/06/2022 17:15:32
rcpoison/jgrapht,https://github.com/rcpoison/jgrapht,25/06/2022 17:15:32
timehop/sticky-headers-recyclerview,https://github.com/timehop/sticky-headers-recyclerview,25/06/2022 17:15:32
JavaCourse00/JavaCourseCodes,https://github.com/JavaCourse00/JavaCourseCodes,25/06/2022 17:15:32
springframeworkguru/tdd-by-example,https://github.com/springframeworkguru/tdd-by-example,25/06/2022 17:15:32
actorapp/actor-platform,https://github.com/actorapp/actor-platform,25/06/2022 17:15:32
huaban/jieba-analysis,https://github.com/huaban/jieba-analysis,25/06/2022 17:15:32
mitreid-connect/OpenID-Connect-Java-Spring-Server,https://github.com/mitreid-connect/OpenID-Connect-Java-Spring-Server,25/06/2022 17:15:32
HouariZegai/Calculator,https://github.com/HouariZegai/Calculator,25/06/2022 17:15:32
yarolegovich/DiscreteScrollView,https://github.com/yarolegovich/DiscreteScrollView,25/06/2022 17:15:32
wildfirechat/android-chat,https://github.com/wildfirechat/android-chat,25/06/2022 17:15:32
EhsanTang/ApiManager,https://github.com/EhsanTang/ApiManager,25/06/2022 17:15:32
scmgalaxy/helloworld-java-maven,https://github.com/scmgalaxy/helloworld-java-maven,25/06/2022 17:15:32
javadevjournal/javadevjournal,https://github.com/javadevjournal/javadevjournal,25/06/2022 17:15:32
doublechaintech/scm-biz-suite,https://github.com/doublechaintech/scm-biz-suite,25/06/2022 17:15:32
nathanmarz/storm-starter,https://github.com/nathanmarz/storm-starter,25/06/2022 17:15:32
beefe/react-native-picker,https://github.com/beefe/react-native-picker,25/06/2022 17:15:32
moquette-io/moquette,https://github.com/moquette-io/moquette,25/06/2022 17:15:32
LaunchCodeEducation/java-web-dev-techjobs-oo,https://github.com/LaunchCodeEducation/java-web-dev-techjobs-oo,25/06/2022 17:15:32
NiceSeason/gulimall-learning,https://github.com/NiceSeason/gulimall-learning,25/06/2022 17:15:32
Atmosphere/atmosphere,https://github.com/Atmosphere/atmosphere,25/06/2022 17:15:32
apache/servicecomb-java-chassis,https://github.com/apache/servicecomb-java-chassis,25/06/2022 17:15:32
dinuscxj/LoadingDrawable,https://github.com/dinuscxj/LoadingDrawable,25/06/2022 17:15:33
vaadin/addressbook,https://github.com/vaadin/addressbook,25/06/2022 17:15:33
MiguelCatalan/MaterialSearchView,https://github.com/MiguelCatalan/MaterialSearchView,25/06/2022 17:15:33
yanbober/Android-Blog-Source,https://github.com/yanbober/Android-Blog-Source,25/06/2022 17:15:33
RyanFehr/HackerRank,https://github.com/RyanFehr/HackerRank,25/06/2022 17:15:33
spring2go/oauth2lab,https://github.com/spring2go/oauth2lab,25/06/2022 17:15:33
binIoter/GuideView,https://github.com/binIoter/GuideView,25/06/2022 17:15:33
abel533/Mybatis-Spring,https://github.com/abel533/Mybatis-Spring,25/06/2022 17:15:33
meefik/linuxdeploy,https://github.com/meefik/linuxdeploy,25/06/2022 17:15:33
killbill/killbill,https://github.com/killbill/killbill,25/06/2022 17:15:33
raphw/byte-buddy,https://github.com/raphw/byte-buddy,25/06/2022 17:15:33
SlimeKnights/TinkersConstruct,https://github.com/SlimeKnights/TinkersConstruct,25/06/2022 17:15:33
killme2008/aviatorscript,https://github.com/killme2008/aviatorscript,25/06/2022 17:15:33
gcacace/android-signaturepad,https://github.com/gcacace/android-signaturepad,25/06/2022 17:15:33
cryptomator/cryptomator,https://github.com/cryptomator/cryptomator,25/06/2022 17:15:33
anitaa1990/Android-Cheat-sheet,https://github.com/anitaa1990/Android-Cheat-sheet,25/06/2022 17:15:33
Prototik/HoloEverywhere,https://github.com/Prototik/HoloEverywhere,25/06/2022 17:15:33
leechenxiang/imooc-springboot-starter,https://github.com/leechenxiang/imooc-springboot-starter,25/06/2022 17:15:33
Swati4star/Images-to-PDF,https://github.com/Swati4star/Images-to-PDF,25/06/2022 17:15:33
amulyakhare/TextDrawable,https://github.com/amulyakhare/TextDrawable,25/06/2022 17:15:33
magefree/mage,https://github.com/magefree/mage,25/06/2022 17:15:33
in28minutes/jpa-with-hibernate,https://github.com/in28minutes/jpa-with-hibernate,25/06/2022 17:15:33
megagao/production_ssm,https://github.com/megagao/production_ssm,25/06/2022 17:15:33
hmkcode/Spring-Framework,https://github.com/hmkcode/Spring-Framework,25/06/2022 17:15:33
douglascraigschmidt/LiveLessons,https://github.com/douglascraigschmidt/LiveLessons,25/06/2022 17:15:33
PowerJob/PowerJob,https://github.com/PowerJob/PowerJob,25/06/2022 17:15:33
floodlight/floodlight,https://github.com/floodlight/floodlight,25/06/2022 17:15:33
harism/android-pagecurl,https://github.com/harism/android-pagecurl,25/06/2022 17:15:33
CJRivas/jenkinspipeline,https://github.com/CJRivas/jenkinspipeline,25/06/2022 17:15:33
cs125-illinois/Spring-2018-Lab5,https://github.com/cs125-illinois/Spring-2018-Lab5,25/06/2022 17:15:33
redsolution/xabber-android,https://github.com/redsolution/xabber-android,25/06/2022 17:15:35
liuyubobobo/Play-with-Data-Structures,https://github.com/liuyubobobo/Play-with-Data-Structures,25/06/2022 17:15:35
rockerhieu/emojicon,https://github.com/rockerhieu/emojicon,25/06/2022 17:15:35
super30admin/Array-2,https://github.com/super30admin/Array-2,25/06/2022 17:15:35
natario1/CameraView,https://github.com/natario1/CameraView,25/06/2022 17:15:35
commonsguy/cw-android,https://github.com/commonsguy/cw-android,25/06/2022 17:15:35
baoyachi/StepView,https://github.com/baoyachi/StepView,25/06/2022 17:15:35
vector4wang/spring-boot-quick,https://github.com/vector4wang/spring-boot-quick,25/06/2022 17:15:35
super30admin/DP-2,https://github.com/super30admin/DP-2,25/06/2022 17:15:35
fluttercommunity/flutter_webview_plugin,https://github.com/fluttercommunity/flutter_webview_plugin,25/06/2022 17:15:35
lovetuzitong/MultiImageSelector,https://github.com/lovetuzitong/MultiImageSelector,25/06/2022 17:15:35
eclipse-archived/smarthome,https://github.com/eclipse-archived/smarthome,25/06/2022 17:15:35
rememberber/WePush,https://github.com/rememberber/WePush,25/06/2022 17:15:35
Trinea/android-demo,https://github.com/Trinea/android-demo,25/06/2022 17:15:35
apache/httpcomponents-client,https://github.com/apache/httpcomponents-client,25/06/2022 17:15:35
fossasia/pslab-android,https://github.com/fossasia/pslab-android,25/06/2022 17:15:35
linkedin/dr-elephant,https://github.com/linkedin/dr-elephant,25/06/2022 17:15:35
y35uishere/apache-log4j-poc,https://github.com/y35uishere/apache-log4j-poc,25/06/2022 17:15:35
pcdavies/TwitterFeed,https://github.com/pcdavies/TwitterFeed,25/06/2022 17:15:35
dkim0419/SoundRecorder,https://github.com/dkim0419/SoundRecorder,25/06/2022 17:15:35
hanks-zyh/HTextView,https://github.com/hanks-zyh/HTextView,25/06/2022 17:15:35
Marswin/MarsDaemon,https://github.com/Marswin/MarsDaemon,25/06/2022 17:15:35
eirslett/frontend-maven-plugin,https://github.com/eirslett/frontend-maven-plugin,25/06/2022 17:15:35
stfalcon-studio/ChatKit,https://github.com/stfalcon-studio/ChatKit,25/06/2022 17:15:35
jabedhasan21/java-hello-world-with-maven,https://github.com/jabedhasan21/java-hello-world-with-maven,25/06/2022 17:15:35
jjoe64/GraphView,https://github.com/jjoe64/GraphView,25/06/2022 17:15:35
lizhangqu/CoreLink,https://github.com/lizhangqu/CoreLink,25/06/2022 17:15:35
LandmarkTechnology/maven-standalone-application,https://github.com/LandmarkTechnology/maven-standalone-application,25/06/2022 17:15:35
ihrupin/samples,https://github.com/ihrupin/samples,25/06/2022 17:15:35
cloudfoundry/uaa,https://github.com/cloudfoundry/uaa,25/06/2022 17:15:35
Arronlong/httpclientutil,https://github.com/Arronlong/httpclientutil,25/06/2022 17:15:37
mercyblitz/thinking-in-spring-boot-samples,https://github.com/mercyblitz/thinking-in-spring-boot-samples,25/06/2022 17:15:37
SplashCodes/JAViewer,https://github.com/SplashCodes/JAViewer,25/06/2022 17:15:37
kabouzeid/Phonograph,https://github.com/kabouzeid/Phonograph,25/06/2022 17:15:37
spring-cloud/spring-cloud-sleuth,https://github.com/spring-cloud/spring-cloud-sleuth,25/06/2022 17:15:37
caoxinyu/RedisClient,https://github.com/caoxinyu/RedisClient,25/06/2022 17:15:37
joaopsilva/binance-java-api,https://github.com/joaopsilva/binance-java-api,25/06/2022 17:15:37
WVector/AppUpdate,https://github.com/WVector/AppUpdate,25/06/2022 17:15:37
xuxueli/xxl-sso,https://github.com/xuxueli/xxl-sso,25/06/2022 17:15:37
andremion/Music-Player,https://github.com/andremion/Music-Player,25/06/2022 17:15:37
decaywood/XueQiuSuperSpider,https://github.com/decaywood/XueQiuSuperSpider,25/06/2022 17:15:37
kenken64/StackAnnotationMaven,https://github.com/kenken64/StackAnnotationMaven,25/06/2022 17:15:37
FudanNLP/fnlp,https://github.com/FudanNLP/fnlp,25/06/2022 17:15:37
spring-projects/spring-restdocs,https://github.com/spring-projects/spring-restdocs,25/06/2022 17:15:37
coobird/thumbnailator,https://github.com/coobird/thumbnailator,25/06/2022 17:15:37
leafgray/pysonar2,https://github.com/leafgray/pysonar2,25/06/2022 17:15:37
mybatis/jpetstore-6,https://github.com/mybatis/jpetstore-6,25/06/2022 17:15:37
LaunchCodeEducation/java-web-dev-studio7,https://github.com/LaunchCodeEducation/java-web-dev-studio7,25/06/2022 17:15:37
BruceEckel/OnJava8-Examples,https://github.com/BruceEckel/OnJava8-Examples,25/06/2022 17:15:37
codingXiaxw/CustomerManagement,https://github.com/codingXiaxw/CustomerManagement,25/06/2022 17:15:37
xinghongfei/LookLook,https://github.com/xinghongfei/LookLook,25/06/2022 17:15:37
pakerfeldt/android-viewflow,https://github.com/pakerfeldt/android-viewflow,25/06/2022 17:15:37
BaReinhard/Hacktoberfest-Data-Structure-and-Algorithms,https://github.com/BaReinhard/Hacktoberfest-Data-Structure-and-Algorithms,25/06/2022 17:15:37
fleetman-ci-cd-demo/fleetman-api-gateway,https://github.com/fleetman-ci-cd-demo/fleetman-api-gateway,25/06/2022 17:15:37
razerdp/BasePopup,https://github.com/razerdp/BasePopup,25/06/2022 17:15:37
apache/shardingsphere-example,https://github.com/apache/shardingsphere-example,25/06/2022 17:15:37
opennetworkinglab/onos,https://github.com/opennetworkinglab/onos,25/06/2022 17:15:37
QuickBlox/quickblox-android-sdk,https://github.com/QuickBlox/quickblox-android-sdk,25/06/2022 17:15:37
super30admin/DP-3,https://github.com/super30admin/DP-3,25/06/2022 17:15:37
nitaliano/react-native-mapbox-gl,https://github.com/nitaliano/react-native-mapbox-gl,25/06/2022 17:15:37
yangchong211/YCVideoPlayer,https://github.com/yangchong211/YCVideoPlayer,25/06/2022 17:15:38
codepath/android-debugging-challenges,https://github.com/codepath/android-debugging-challenges,25/06/2022 17:15:38
mate-academy/jv-hash-map,https://github.com/mate-academy/jv-hash-map,25/06/2022 17:15:38
k1ngzo/RS-2009,https://github.com/k1ngzo/RS-2009,25/06/2022 17:15:38
PraktikumJava/m1-t12-debug,https://github.com/PraktikumJava/m1-t12-debug,25/06/2022 17:15:38
gardncl/elements-of-programming-interviews,https://github.com/gardncl/elements-of-programming-interviews,25/06/2022 17:15:38
Comcast/FreeFlow,https://github.com/Comcast/FreeFlow,25/06/2022 17:15:38
mimminito/cardsui-for-android,https://github.com/mimminito/cardsui-for-android,25/06/2022 17:15:38
robovm/robovm,https://github.com/robovm/robovm,25/06/2022 17:15:38
githubwing/ZoomHeader,https://github.com/githubwing/ZoomHeader,25/06/2022 17:15:38
maoruibin/TranslateApp,https://github.com/maoruibin/TranslateApp,25/06/2022 17:15:38
airbnb/DeepLinkDispatch,https://github.com/airbnb/DeepLinkDispatch,25/06/2022 17:15:38
googlearchive/AndroidChat,https://github.com/googlearchive/AndroidChat,25/06/2022 17:15:38
tyzlmjj/PagerBottomTabStrip,https://github.com/tyzlmjj/PagerBottomTabStrip,25/06/2022 17:15:38
gaussic/SpringMVCDemo,https://github.com/gaussic/SpringMVCDemo,25/06/2022 17:15:38
RomanTruba/AndroidTouchGallery,https://github.com/RomanTruba/AndroidTouchGallery,25/06/2022 17:15:38
seeditsolution/javaprogram,https://github.com/seeditsolution/javaprogram,25/06/2022 17:15:38
AnyListen/tools-ocr,https://github.com/AnyListen/tools-ocr,25/06/2022 17:15:38
kovyrin/hbase,https://github.com/kovyrin/hbase,25/06/2022 17:15:38
keklikhasan/LDrawer,https://github.com/keklikhasan/LDrawer,25/06/2022 17:15:38
TTFHW/jenkins_pipeline_java_maven,https://github.com/TTFHW/jenkins_pipeline_java_maven,25/06/2022 17:15:38
springframeworkguru/sfg-restdocs-example,https://github.com/springframeworkguru/sfg-restdocs-example,25/06/2022 17:15:38
super30admin/Stack-1,https://github.com/super30admin/Stack-1,25/06/2022 17:15:38
OpenClassrooms-Student-Center/Project_DA_Java_EN_Come_to_the_Rescue_of_a_Java_Application,https://github.com/OpenClassrooms-Student-Center/Project_DA_Java_EN_Come_to_the_Rescue_of_a_Java_Application,25/06/2022 17:15:38
limedroid/XDroidMvp,https://github.com/limedroid/XDroidMvp,25/06/2022 17:15:38
xiaoyuzdy/learnAndroid,https://github.com/xiaoyuzdy/learnAndroid,25/06/2022 17:15:38
HotswapProjects/HotswapAgent,https://github.com/HotswapProjects/HotswapAgent,25/06/2022 17:15:38
crazyqiang/AndroidStudy,https://github.com/crazyqiang/AndroidStudy,25/06/2022 17:15:38
Multibit-Legacy/multibit,https://github.com/Multibit-Legacy/multibit,25/06/2022 17:15:38
cs125-illinois/Fall-2018-Lab4,https://github.com/cs125-illinois/Fall-2018-Lab4,25/06/2022 17:15:38
CainKernel/CainCamera,https://github.com/CainKernel/CainCamera,25/06/2022 17:15:39
Java-aid/Hackerrank-Solutions,https://github.com/Java-aid/Hackerrank-Solutions,25/06/2022 17:15:39
prometheus/client_java,https://github.com/prometheus/client_java,25/06/2022 17:15:39
wuyinxian124/nettybook2,https://github.com/wuyinxian124/nettybook2,25/06/2022 17:15:39
google/error-prone,https://github.com/google/error-prone,25/06/2022 17:15:39
playframework/play1,https://github.com/playframework/play1,25/06/2022 17:15:39
DingMouRen/LayoutManagerGroup,https://github.com/DingMouRen/LayoutManagerGroup,25/06/2022 17:15:39
fleetman-ci-cd-demo/fleetman-position-tracker,https://github.com/fleetman-ci-cd-demo/fleetman-position-tracker,25/06/2022 17:15:39
ysc/word,https://github.com/ysc/word,25/06/2022 17:15:39
novoda/android-demos,https://github.com/novoda/android-demos,25/06/2022 17:15:39
lcodecorex/TwinklingRefreshLayout,https://github.com/lcodecorex/TwinklingRefreshLayout,25/06/2022 17:15:39
ngbdf/redis-manager,https://github.com/ngbdf/redis-manager,25/06/2022 17:15:39
xuexiangjys/XUI,https://github.com/xuexiangjys/XUI,25/06/2022 17:15:39
j4velin/Pedometer,https://github.com/j4velin/Pedometer,25/06/2022 17:15:39
sunfusheng/MarqueeView,https://github.com/sunfusheng/MarqueeView,25/06/2022 17:15:39
notnoop/java-apns,https://github.com/notnoop/java-apns,25/06/2022 17:15:39
CatVodTVOfficial/TVBoxOSC,https://github.com/CatVodTVOfficial/TVBoxOSC,25/06/2022 17:15:39
yui/yuicompressor,https://github.com/yui/yuicompressor,25/06/2022 17:15:39
oracle/opengrok,https://github.com/oracle/opengrok,25/06/2022 17:15:39
Jacksgong/JKeyboardPanelSwitch,https://github.com/Jacksgong/JKeyboardPanelSwitch,25/06/2022 17:15:39
Rukey7/MvpApp,https://github.com/Rukey7/MvpApp,25/06/2022 17:15:39
JulienGenoud/android-percent-support-lib-sample,https://github.com/JulienGenoud/android-percent-support-lib-sample,25/06/2022 17:15:39
qunarcorp/qmq,https://github.com/qunarcorp/qmq,25/06/2022 17:15:39
fleetman-ci-cd-demo/fleetman-position-simulator,https://github.com/fleetman-ci-cd-demo/fleetman-position-simulator,25/06/2022 17:15:39
googlearchive/android-BluetoothChat,https://github.com/googlearchive/android-BluetoothChat,25/06/2022 17:15:39
ata4/disunity,https://github.com/ata4/disunity,25/06/2022 17:15:39
x-ream/rey,https://github.com/x-ream/rey,25/06/2022 17:15:39
zwwill/yanxuan-weex-demo,https://github.com/zwwill/yanxuan-weex-demo,25/06/2022 17:15:39
Fuzion24/JustTrustMe,https://github.com/Fuzion24/JustTrustMe,25/06/2022 17:15:39
tomoya92/pybbs,https://github.com/tomoya92/pybbs,25/06/2022 17:15:39
pqpo/SmartCropper,https://github.com/pqpo/SmartCropper,25/06/2022 17:15:41
winder/Universal-G-Code-Sender,https://github.com/winder/Universal-G-Code-Sender,25/06/2022 17:15:41
mdodsworth/lucene-solr,https://github.com/mdodsworth/lucene-solr,25/06/2022 17:15:41
alibaba/UltraViewPager,https://github.com/alibaba/UltraViewPager,25/06/2022 17:15:41
singhabhinav/cloudxlab,https://github.com/singhabhinav/cloudxlab,25/06/2022 17:15:41
apache/pdfbox,https://github.com/apache/pdfbox,25/06/2022 17:15:41
LableOrg/java-maven-junit-helloworld,https://github.com/LableOrg/java-maven-junit-helloworld,25/06/2022 17:15:41
jishenghua/jshERP,https://github.com/jishenghua/jshERP,25/06/2022 17:15:41
pentaho/mondrian,https://github.com/pentaho/mondrian,25/06/2022 17:15:41
LaunchCodeEducation/java-web-dev-techjobs-persistent,https://github.com/LaunchCodeEducation/java-web-dev-techjobs-persistent,25/06/2022 17:15:41
zmxv/react-native-sound,https://github.com/zmxv/react-native-sound,25/06/2022 17:15:41
alibaba/taokeeper,https://github.com/alibaba/taokeeper,25/06/2022 17:15:41
lingochamp/okdownload,https://github.com/lingochamp/okdownload,25/06/2022 17:15:41
apache/ranger,https://github.com/apache/ranger,25/06/2022 17:15:41
java-aodeng/hope-boot,https://github.com/java-aodeng/hope-boot,25/06/2022 17:15:41
vipshop/Saturn,https://github.com/vipshop/Saturn,25/06/2022 17:15:41
cmanikandan/spring-cloud-services-labs,https://github.com/cmanikandan/spring-cloud-services-labs,25/06/2022 17:15:41
geekidea/spring-boot-plus,https://github.com/geekidea/spring-boot-plus,25/06/2022 17:15:41
pentaho/pentaho-platform,https://github.com/pentaho/pentaho-platform,25/06/2022 17:15:41
arimorty/floatingsearchview,https://github.com/arimorty/floatingsearchview,25/06/2022 17:15:41
primefaces/primefaces,https://github.com/primefaces/primefaces,25/06/2022 17:15:41
NeilAlishev/SpringCourse,https://github.com/NeilAlishev/SpringCourse,25/06/2022 17:15:41
lsjwzh/RecyclerViewPager,https://github.com/lsjwzh/RecyclerViewPager,25/06/2022 17:15:41
unclebob/fitnesse,https://github.com/unclebob/fitnesse,25/06/2022 17:15:41
super30admin/Competitive-Coding-1,https://github.com/super30admin/Competitive-Coding-1,25/06/2022 17:15:41
Java-aid/Hackerrank-Solutions,https://github.com/Java-aid/Hackerrank-Solutions,25/06/2022 17:15:41
prometheus/client_java,https://github.com/prometheus/client_java,25/06/2022 17:15:41
wuyinxian124/nettybook2,https://github.com/wuyinxian124/nettybook2,25/06/2022 17:15:41
google/error-prone,https://github.com/google/error-prone,25/06/2022 17:15:41
playframework/play1,https://github.com/playframework/play1,25/06/2022 17:15:41
luckybilly/CC,https://github.com/luckybilly/CC,25/06/2022 17:15:43
tvarchive/codingRound,https://github.com/tvarchive/codingRound,25/06/2022 17:15:43
spring-guides/gs-serving-web-content,https://github.com/spring-guides/gs-serving-web-content,25/06/2022 17:15:43
confluentinc/kafka-rest,https://github.com/confluentinc/kafka-rest,25/06/2022 17:15:43
siyamed/android-shape-imageview,https://github.com/siyamed/android-shape-imageview,25/06/2022 17:15:43
MassiveCraft/Factions,https://github.com/MassiveCraft/Factions,25/06/2022 17:15:43
winghc/hadoop2x-eclipse-plugin,https://github.com/winghc/hadoop2x-eclipse-plugin,25/06/2022 17:15:43
innoveit/react-native-ble-manager,https://github.com/innoveit/react-native-ble-manager,25/06/2022 17:15:43
saulmm/CoordinatorBehaviorExample,https://github.com/saulmm/CoordinatorBehaviorExample,25/06/2022 17:15:43
PhilippeBoisney/OpenClassrooms---Parcours-Android,https://github.com/PhilippeBoisney/OpenClassrooms---Parcours-Android,25/06/2022 17:15:43
w446108264/XhsEmoticonsKeyboard,https://github.com/w446108264/XhsEmoticonsKeyboard,25/06/2022 17:15:43
danielzeller/Depth-LIB-Android-,https://github.com/danielzeller/Depth-LIB-Android-,25/06/2022 17:15:43
r-devops/mavenrepo,https://github.com/r-devops/mavenrepo,25/06/2022 17:15:43
mcxtzhang/SwipeDelMenuLayout,https://github.com/mcxtzhang/SwipeDelMenuLayout,25/06/2022 17:15:43
douglascraigschmidt/POSA-15,https://github.com/douglascraigschmidt/POSA-15,25/06/2022 17:15:43
hapifhir/hapi-fhir-jpaserver-starter,https://github.com/hapifhir/hapi-fhir-jpaserver-starter,25/06/2022 17:15:43
mayubao/KuaiChuan,https://github.com/mayubao/KuaiChuan,25/06/2022 17:15:43
googlearchive/android-play-places,https://github.com/googlearchive/android-play-places,25/06/2022 17:15:43
cattles/spring-cloud-event-sourcing-example,https://github.com/cattles/spring-cloud-event-sourcing-example,25/06/2022 17:15:43
google-ar/sceneform-android-sdk,https://github.com/google-ar/sceneform-android-sdk,25/06/2022 17:15:43
wuxudong/react-native-charts-wrapper,https://github.com/wuxudong/react-native-charts-wrapper,25/06/2022 17:15:43
apache/poi,https://github.com/apache/poi,25/06/2022 17:15:43
yaphone/itchat4j,https://github.com/yaphone/itchat4j,25/06/2022 17:15:43
romainguy/ViewServer,https://github.com/romainguy/ViewServer,25/06/2022 17:15:43
Diolor/Swipecards,https://github.com/Diolor/Swipecards,25/06/2022 17:15:43
betfair/API-NG-sample-code,https://github.com/betfair/API-NG-sample-code,25/06/2022 17:15:43
PraktikumJava/m1-t12-code-style,https://github.com/PraktikumJava/m1-t12-code-style,25/06/2022 17:15:43
survivingwithandroid/Swa-app,https://github.com/survivingwithandroid/Swa-app,25/06/2022 17:15:43
xujeff/tianti,https://github.com/xujeff/tianti,25/06/2022 17:15:43
qiujuer/Genius-Android,https://github.com/qiujuer/Genius-Android,25/06/2022 17:15:43
